1A-Innovation,Baden-Württemberg,Wholesaler,10,,"Panel, Inverter, Storage Systems","Blücherstraße 32, 75177 Pforzheim",+49 7231 7768355,elektronik@1a-innovation.de,http://www.1a-innovation.de,Germany,Germany,"German, English",Panel,"Heckert Solar GmbH, JA Solar Holdings Co., Ltd., Suntech Power Co., Ltd., Astronergy Co., Ltd. (Chint Solar), AXITEC Energy GmbH & Co. KG, Luxor Solar GmbH"
A-E-S Europe,Niedersachsen,Wholesaler,13,,"Panel, Inverter, Storage Systems, Monitoring System","Hansastrasse 68, 30952, Ronnenberg",+49 5069 480 3670,info@europe-solar.de,http://www.europe-solar.de,Germany,Germany,"German, English",Panel,"Hanwha Q CELLS, Solar Fabrik GmbH, Jinko Solar Holding Co., Ltd.",Inverter,"SMA Solar Technology AG, Fronius International GmbH, Kostal Solar Electric GmbH, SolarEdge Technologies, Ltd., Shenzhen Growatt New Energy Technology Co., Ltd., GoodWe Power Supply Technology Co., Ltd., Huawei Technologies Co., Ltd.",Battery,BYD Company Limited,Monitoring System,"Tigo Energy, Inc.",On/Off Grid,On/Off Grid
Activa Solar,Baden-Württemberg,Wholesaler,18,,"Panel, Inverter, Charge Controller","Hofäckerstrasse 10-14, 88697, Bermatingen",+49 7544 7599075,info@activasolar.eu,http://www.activasolar.eu,Germany,"Austria, Switzerland, Germany, Spain",German,Panel,"Heckert Solar GmbH, Solarwatt GmbH, Hanwha Q CELLS, Aleo Solar GmbH, Yingli Green Energy Holding Co., Ltd., JA Solar Holdings Co., Ltd., Trina Solar Limited, Canadian Solar Inc., ET Solar New Energy Co., Ltd., Jinko Solar Holding Co., Ltd., AU Optronics Corporation, LG Electronics, Inc.",Inverter,"SMA Solar Technology AG, Fronius International GmbH, KACO New Energy GmbH, Kostal Solar Electric GmbH, SolarEdge Technologies, Ltd.",Charge Controller,Steca Elektronik GmbH
AEET,Niedersachsen,Distributor,18,,"Panel, Inverter, Storage Systems, Tracker, Mounting System, Monitoring System","Lichtenstein 11, 37581 Bad Gandersheim",+49 5382 9559790,info@aeet24.com,http://www.aeet24.com,Germany,"Middle East, APAC, North America, Europe","German, English",Panel,"Hanwha Q CELLS, Aleo Solar GmbH, Canadian Solar Inc., Panasonic Corporation (Sanyo), First Solar, Inc., Calyxo GmbH, AEET Energy Group GmbH"
AES Motomation,Nordrhein-Westfalen,Distributor,1,,Equipment,"Nikolaus-Otto-Str. 8, D-40670, Meerbusch",+49 2159 816890,info@motomation.de,http://www.motomation.com,Germany,"Germany, United States, Taiwan",English,Crystalline Panel Equipment,Nidec Sankyo Corporation
AKKU SYS,Schleswig-Holstein,Distributor,23,,"Inverter, Storage Systems","Verbindungsweg 23, 25469 Halstenbek",+49 4101 376760,info@akkusys.de,http://www.akkusys.de,Germany,Germany,"German, English, French",Inverter,"SMA Solar Technology AG, Fronius International GmbH, Victron Energy B.V., Sungrow Power Supply Co., Ltd., Shenzhen Growatt New Energy Technology Co., Ltd., GoodWe Power Supply Technology Co., Ltd., Huawei Technologies Co., Ltd.",Battery,"Trojan Battery Company, LLC., Exide Technologies SAS, OPTIMA Batteries, Inc., Banner GmbH, Hoppecke Batterien GmbH & Co. KG, VARTA AG, FIAMM Energy Technology S.p.A., Victron Energy B.V., Sungrow Power Supply Co., Ltd., GS Yuasa Corporation, BYD Company Limited, Shenzhen Growatt New Energy Technology Co., Ltd., Pylon Technologies Co., Ltd., Duracell Inc., Energizer Homepower, Effekta Regeltechnik GmbH"
alkaSOL,Bayern,Distributor,13,,"Panel, Inverter, Storage Systems, Mounting System","Straubinger Strasse 19, 94363 Oberschneiding",+49 9933 9529556,info@alkasol.de,http://www.alkasol.de,Germany,Germany,"German, English",Panel,Hanwha Q CELLS,Inverter,"Steca Elektronik GmbH, Fronius International GmbH, LTI ReEnergy CleanTech GmbH, SolarEdge Technologies, Ltd., GoodWe Power Supply Technology Co., Ltd., SolaX Power Network Technology(Zhejiang) Co.,Ltd., Huawei Technologies Co., Ltd.",Battery,"BYD Company Limited, Tesvolt GmbH, SENEC GmbH",Mounting System,"Ideematec Deutschland GmbH, K2 Systems GmbH"
Asotec,Rheinland-Pfalz,Wholesaler,3,,"Panel, Inverter, Mounting System","Hauptstraße 65, 57644 Hattert",+49 2662 939616,info@asotec.de,http://asotec.de,Germany,Germany,German,Panel,Heckert Solar GmbH,Inverter,SMA Solar Technology AG,Mounting System,Ernst Schweizer AG
B&Q Dachbau,Hamburg,Distributor,1,,Storage Systems,"Moorfleeter Deich 112, 22113 Hamburg",+49 40 7804060,info@bq-dachbau.de,https://www.bq-dachbau.de,Germany,Germany,German,Battery,"Tesla, Inc."
Barysol,Baden-Württemberg,Wholesaler,9,,"Panel, Inverter, Mounting System","Aubweg 33, 97990 Weikersheim",+49 7934 9957000,info@barysol.de,http://www.barysol.de,Germany,Germany,German,Panel,"Hanwha Q CELLS, Yingli Green Energy Holding Co., Ltd., Sharp Corporation, First Solar, Inc., Risen Energy Co., Ltd., WINAICO",Inverter,"SMA Solar Technology AG, KACO New Energy GmbH",Mounting System,Schletter Solar GmbH
Baumeister,Bayern,Wholesaler,4,,"Panel, Storage Systems, Charge Controller","Ziegetsdorferstraße 15a, 93051 Regensburg",+49 941 9466260,info@solar-baumeister.de,http://www.solartechnik-shop.de,Germany,Germany,German,Panel,Solara GmbH,Battery,Banner GmbH,Charge Controller,"Morningstar Corporation, Guangdong Prostar New Energy Technology Co., Ltd."
BayWa r.e.,Bayern,Distributor,20,,"Panel, Inverter, Storage Systems, Mounting System","Arabellastraße 4, 81925, Munich",+49 89 3839320,info@baywa-re.com,https://www.baywa-re.com,Germany,"Austria, Germany, Denmark, Spain, France, United Kingdom, Hungary, Italy, United States, Poland",BayWa AG,Panel,"REC Solar Pte. Ltd., Trina Solar Limited, Panasonic Corporation (Sanyo), Phono Solar Technology Co., Ltd., AU Optronics Corporation, LG Electronics, Inc.",Inverter,"SMA Solar Technology AG, Fronius International GmbH, Enphase Energy, Inc., Delta Energy Systems (Germany) GmbH, SolarEdge Technologies, Ltd., AISWEI New Energy Technology (Jiangsu) Co., Ltd., Shenzhen SOFARSOLAR Co., Ltd.",Battery,"Exide Technologies SAS, LG Chem",Mounting System,"Renusol Europe GmbH, Mounting Systems GmbH, IRFTS"
Bihler,Bayern,Wholesaler,10,,"Panel, Inverter, Storage Systems, Monitoring System","Schöneggweg 15, 87727 Babenhausen",+49 8333 3090,pv@bihler-co.de,http://www.bihler-co.de,Germany,Germany,German,Panel,"Suntech Power Co., Ltd., Sharp Corporation",Inverter,"SMA Solar Technology AG, Steca Elektronik GmbH, Kostal Solar Electric GmbH",Battery,"VARTA AG, BYD Company Limited, my-PV GmbH",Monitoring System,"Tigo Energy, Inc., Solar-Log GmbH"
Biotechx Energy International,Bayern,Wholesaler,10,,"Panel, Inverter, Storage Systems, Charge Controller","Wiesing 1, 84359 Simbach am Inn",+49 8571 5639,info@biotechx.com,http://www.biotechx.com,Germany,Global,English,Panel,"Kyocera Corporation, Suntech Power Co., Ltd., Mitsubishi Heavy Industries Ltd.",Inverter,"SMA Solar Technology AG, Genus Innovation Limited",Battery,"Rolls (Surrette) Battery Engineering, Hoppecke Batterien GmbH & Co. KG, Genus Innovation Limited, Exide Industries Limited",Charge Controller,Steca Elektronik GmbH
Borowski,Nordrhein-Westfalen,Wholesaler,8,,"Panel, Inverter, Storage Systems, Mounting System","Heinz-Bäcker-Straße 38, 45356 Essen",+49 201 1852780,info@borowski.de,http://www.borowski.de,Germany,Germany,German,Panel,"Heckert Solar GmbH, Aleo Solar GmbH, SunPower Corporation, Lorentz",Inverter,"SMA Solar Technology AG, Kostal Solar Electric GmbH",Battery,Sonnen GmbH,Mounting System,Lorenz-Montagesysteme GmbH
Bürger speichern Energie,Bayern,Distributor,1,,Inverter,"Goldener Steig 40, 94116 Hutthurm",+49 8505 9162546,info@borowski.de,http://www.bseeg.de,Germany,Germany,German,Inverter,REFU Elektronik GmbH
CarpeDiem Energy,Baden-Württemberg,Wholesaler,7,,"Panel, Inverter, Storage Systems","Lägelerstrasse 53, 88250 Weingarten",+49 751 49994,info@carpediem-energy.com,https://volxpower.de,Germany,Germany,German,Panel,"JA Solar Holdings Co., Ltd., Trina Solar Limited"
Comenergy Systems,Schleswig-Holstein,Wholesaler,39,,"Panel, Inverter, Storage Systems, Mounting System, Monitoring System","Tungendorfer Str. 81A, 24536 Neumünster",+49 4321 9639446,info@comenergy-systems.de,http://www.comenergy-systems.de,Germany,Germany,"German, English",Panel,"Heckert Solar GmbH, Hanwha Q CELLS, Aleo Solar GmbH, Solar Fabrik GmbH, Yingli Green Energy Holding Co., Ltd., JA Solar Holdings Co., Ltd., EGing Photovoltaic Technology Co., Ltd., Kyocera Corporation, Suntech Power Co., Ltd., Trina Solar Limited, Canadian Solar Inc., Sharp Corporation, Panasonic Corporation (Sanyo), Astronergy Co., Ltd. (Chint Solar), AXITEC Energy GmbH & Co. KG, Jinko Solar Holding Co., Ltd., LONGi Solar Technology Co., Ltd., LG Electronics, Inc., Eco Delta Power Co., Ltd.",Inverter,"SMA Solar Technology AG, Fronius International GmbH, KACO New Energy GmbH, Sungrow Power Supply Co., Ltd., Kostal Solar Electric GmbH, SolarEdge Technologies, Ltd., Shenzhen Growatt New Energy Technology Co., Ltd., FIMER S.p.A., GoodWe Power Supply Technology Co., Ltd., Huawei Technologies Co., Ltd.",Battery,"AXITEC Energy GmbH & Co. KG, BYD Company Limited, LG Chem, SolaX Power Network Technology(Zhejiang) Co.,Ltd., Huawei Technologies Co., Ltd., RCT Power GmbH, Pylon Technologies Co., Ltd.",Mounting System,"Schletter Solar GmbH, K2 Systems GmbH",Monitoring System,Solar-Log GmbH
ConSolaris Energietechnik,Hessen,Wholesaler,6,,"Panel, Inverter","Sonnenfeldstraße 2, 34549 Edertal-Giflitz",+49 5623 9335010,info@consolaris.de,http://www.consolaris-energietechnik.de,Germany,Germany,German,Panel,"SOLON S.p.A, EGing Photovoltaic Technology Co., Ltd., Suntech Power Co., Ltd., Viessmann Climate Solutions SE",Inverter,"SMA Solar Technology AG, Kostal Solar Electric GmbH"
Crystec,Bayern,Distributor,4,,Equipment,"Zinngießerstraße 7, 84503 Altötting",+49 8671 882160,info@crystec.com,http://www.crystec.com,Germany,Germany,"German, English, French, Russian, Ukrainian",Cell Production Equipment,"Koyo Thermo Systems Co., Ltd., Global Zeus",Crystalline Panel Equipment,Global Zeus,Thin-film Panel Equipment,Global Zeus
DEG,Bayern,Wholesaler,6,,"Panel, Inverter, Mounting System","Bremer Straße 25, 90451 Nürnberg",+49 911 80080,info@de-g.de,http://www.deutsche-elektro-gruppe.de,Germany,Germany,Sonepar Deutschland GmbH,Panel,Sharp Corporation,Inverter,"SMA Solar Technology AG, Fronius International GmbH",Mounting System,Schletter Solar GmbH
Densys pv5,Bayern,Distributor,22,,"Panel, Inverter, Storage Systems, Mounting System, Monitoring System","Saaläckerstraße 2, 63801 Kleinostheim",+49 6027 409710,info@densys-pv5.de,https://www.densyspv5.de,Germany,"Germany, United Kingdom, Greece, Italy","German, English",Panel,"Meyer Burger Technology AG, Solarwatt GmbH, Hanwha Q CELLS, Solar Fabrik GmbH, BISOL Group, d.o.o., Yingli Green Energy Holding Co., Ltd., Bauer Solar GmbH, LG Electronics, Inc.",Inverter,"SMA Solar Technology AG, Fronius International GmbH, KACO New Energy GmbH, Kostal Solar Electric GmbH, SolarEdge Technologies, Ltd., FIMER S.p.A.",Battery,"Fronius International GmbH, BYD Company Limited, LG Chem, BMZ Poland Sp.z.o.o.",Mounting System,"Schletter Solar GmbH, K2 Systems GmbH",Monitoring System,Solar-Log GmbH
e-biss,Niedersachsen,Wholesaler,18,,"Panel, Inverter, Storage Systems","Königshorster Str. 1, 29462, Wustrow",+49 171 656 6333,info@e-biss.de,http://www.e-biss.de,Germany,Germany,German,Panel,"Solarwatt GmbH, SunPower Corporation, Yingli Green Energy Holding Co., Ltd., ReneSola  Co., Ltd., LG Electronics, Inc.",Inverter,"SMA Solar Technology AG, Fronius International GmbH, KACO New Energy GmbH, Kostal Solar Electric GmbH, SolarEdge Technologies, Ltd., Tesla Industries",Battery,"Solarwatt GmbH, BYD Company Limited, E3/DC, Tesla, Inc."
EA Gruppen,Bayern,Wholesaler,19,,"Panel, Inverter, Storage Systems","Am Weinberg 1, 85092 Kösching",+49 8456 9649010,info@eagruppen.de,https://www.eagruppen.de,Germany,Germany,Germany,Panel,"REC Solar Pte. Ltd., Meyer Burger Technology AG, Solarwatt GmbH, Solar Fabrik GmbH, Trina Solar Limited, Canadian Solar Inc., Jinko Solar Holding Co., Ltd., (Amerisolar) Worldwide Energy and Manufacturing USA Co., Ltd, LONGi Solar Technology Co., Ltd., Luxor Solar GmbH, Suzhou Talesun Solar Technologies Co., Ltd., ASWS GmbH",Inverter,"SMA Solar Technology AG, Fronius International GmbH, SolarEdge Technologies, Ltd., Altenergy Power System Inc., Hoymiles Power Electronics Inc.",Battery,"BYD Company Limited, Pylon Technologies Co., Ltd.",On/Off Grid,On/Off Grid
Ecosolar,Nordrhein-Westfalen,Wholesaler,13,,"Panel, Inverter, Storage Systems, Mounting System","Am Handwerkshof 17, 47269 Duisburg",+49 203 7135330,info@ecosolar.de,http://www.ecosolar.de,Germany,Germany,German,Panel,"Meyer Burger Technology AG, Heckert Solar GmbH, Energetica Industries GmbH, Solarwatt GmbH, SunPower Corporation",Inverter,"SMA Solar Technology AG, Fronius International GmbH, Kostal Solar Electric GmbH, SolarEdge Technologies, Ltd.",Battery,"E3/DC, Sonnen GmbH, Tesla, Inc.",Mounting System,Premium Mounting Technologies GmbH & Co. KG
EcoSolar,Brandenburg,Wholesaler,8,,"Panel, Inverter","Tschaikowskistraße 3, 15517 Fürstenwalde/Spree",+49 3361 365567,info@ecosolar.org,http://www.ecosolar.org,Germany,Germany,German,Panel,"Shenzhen Topray Solar Co., Ltd., Kyocera Corporation, Jiangsu SunLink PV Technology Co., Ltd., Mitsubishi Electric US, Inc., Sharp Corporation",Inverter,"SMA Solar Technology AG, Fronius International GmbH"
EEHD,Sachsen,Wholesaler,13,,"Panel, Inverter, Mounting System","Am Steinbruch 16, 04425 Taucha",+49 341 98991600,info@eehd.gmbh,https://eehd.gmbh,Germany,Germany,German,Panel,"Solar Fabrik GmbH, Canadian Solar Inc., Znshine PV-tech Co., Ltd., LONGi Solar Technology Co., Ltd., Phono Solar Technology Co., Ltd., Tangshan Haitai New Energy Technology Co., Ltd., Yuhuan Sunpro Power Co., Ltd.",Inverter,"SMA Solar Technology AG, Fronius International GmbH, Kostal Solar Electric GmbH, SolarEdge Technologies, Ltd., Huawei Technologies Co., Ltd.",Mounting System,GSE Integration,On/Off Grid,On/Off Grid
Elektro Engelhardt,Bayern,Wholesaler,12,,"Panel, Inverter, Mounting System, Monitoring System","Rothenburger Strasse 35, D-97285, Röttingen",+49 9338 1728,info@engelhardtelektro.de,http://www.engelhardtelektro.de,Germany,Germany,German,Panel,"KIOTO Photovoltaics GmbH, Suntech Power Co., Ltd., Trina Solar Limited, AXITEC Energy GmbH & Co. KG, Luxor Solar GmbH, WINAICO",Inverter,"SMA Solar Technology AG, ABB Asea Brown Boveri Ltd",Mounting System,"SMA Solar Technology AG, Solar-Log GmbH, SOLEDOS GmbH",Monitoring System,['SOWHERE ERROR!!!']
Elektro Haitz,Baden-Württemberg,Distributor,1,,Storage Systems,"Engelstraße 13, 76448, Durmersheim",+49 7245 937734,info@elektro-haitz.de,http://photovoltaikbau.de/,Germany,Germany,German,Battery,E3/DC
Elektro Strehle,Bayern,Distributor,2,,"Inverter, Storage Systems","Lochfelbenstraße 11, 89312 Günzburg",+49 82 21367370,info@elektro-strehle.de,https://elektro-strehle.de,Germany,Germany,German,Inverter,SMA Solar Technology AG,Battery,"Tesla, Inc.",On/Off Grid,On/Off Grid
Elektroanlagen Sperling,Sachsen-Anhalt,Wholesaler,10,,"Panel, Inverter","Dietrichsdorf 18b, 06895 Zahna-Elster",+49 34 92260887,info@elektro-strehle.de,http://www.elektroanlagen-sperling.de,Germany,Global,German,Panel,"REC Solar Pte. Ltd., Aleo Solar GmbH, Kyocera Corporation, Solar Frontier K.K., Sharp Corporation, Panasonic Corporation (Sanyo)",Inverter,"Ningbo Sunways Technologies Co., Ltd, SolarMax GmbH, SMA Solar Technology AG, Kostal Solar Electric GmbH"
eMichels,Rheinland-Pfalz,Wholesaler,1,,Panel,"Wiesengrund 23, 56761, Hambuch",+49 2653 9132964,info@ecodeltapower.de,https://www.ecodeltapower.de,Germany,Germany,"German, English",Panel,"Eco Delta Power Co., Ltd."
Energetik,Nordrhein-Westfalen,Distributor,15,,"Panel, Inverter, Storage Systems, Monitoring System","Nikolaus-Otto-Str. 18, 33335 Gütersloh",+49 5241 505110,info@powershop.online,http://powershop.online/,Germany,Europe,German,Panel,"Kyocera Corporation, Trina Solar Limited, Canadian Solar Inc., (Amerisolar) Worldwide Energy and Manufacturing USA Co., Ltd, LONGi Solar Technology Co., Ltd., LG Electronics, Inc.",Inverter,"SMA Solar Technology AG, Fronius International GmbH, Sungrow Power Supply Co., Ltd., Kostal Solar Electric GmbH, Shenzhen Growatt New Energy Technology Co., Ltd.",Battery,"VARTA AG, BYD Company Limited, LG Chem",Monitoring System,Solar-Log GmbH
Enerix,Bayern,Wholesaler,14,,"Panel, Inverter, Storage Systems, Mounting System","Am Europakanal 31, 93059 Regensburg",+49 941 89054310,info@enerix.de,http://enerix.de,Germany,Germany,German,Panel,"Heckert Solar GmbH, Solarwatt GmbH, Hanwha Q CELLS, Aleo Solar GmbH",Inverter,"Fronius International GmbH, SolarEdge Technologies, Ltd.",Battery,"Solarwatt GmbH, E3/DC, Sonnen GmbH, RCT Power GmbH, SENEC GmbH, Neoom Group GmbH",Mounting System,"S:FLEX GmbH, Basic (SunBallast) S.r.l."
Engesaar,Saarland,Wholesaler,3,,"Panel, Inverter, Storage Systems","Angela-Braun-Str. 21, 66115, Saarbrücken",+49 681 6865122,info@engesaar.de,http://www.engesaar.de,Germany,Germany,German,Panel,IBC Solar AG,Inverter,SMA Solar Technology AG,Battery,LG Chem
Enprovesolar,Sachsen,Distributor,1,,Panel,"Fiedlerstraße 4, 01307 Dresden",+49 351 41885990,enprove@en-pm.de,http://www.enprovement.com,Germany,Germany,German,Panel,Shan Solar Pvt. Ltd.
Epax Solar,Bayern,Wholesaler,25,5000,"Panel, Inverter, Storage Systems, Mounting System, Monitoring System","Ulrichsbergerstrasse 17, G2 94469 Deggendorf",+49 991 32090077,Enf@epax-solar.de,https://www.epax-solar.de,Germany,"Austria, Belgium, Bulgaria, Switzerland, Czech Republic, Germany, Denmark, Estonia, Spain, Finland, France, United Kingdom, Greece, Croatia, Hungary, Ireland, Italy, Lithuania, Luxembourg, Latvia, Netherlands, Norway, Ukraine, Slovakia, Slovenia, Sweden, Russia, Romania, Portugal, Poland","German, English",Panel,"Meyer Burger Technology AG, Trina Solar Limited, Canadian Solar Inc., Jinko Solar Holding Co., Ltd., LONGi Solar Technology Co., Ltd., LG Electronics, Inc.",Inverter,"SolarMax GmbH, SMA Solar Technology AG, Fronius International GmbH, KACO New Energy GmbH, Sungrow Power Supply Co., Ltd., Delta Energy Systems (Germany) GmbH, Kostal Solar Electric GmbH, SolarEdge Technologies, Ltd., FIMER S.p.A., Huawei Technologies Co., Ltd., RCT Power GmbH",Battery,"BYD Company Limited, LG Chem, RCT Power GmbH",Mounting System,K2 Systems GmbH,Monitoring System,"SMA Solar Technology AG, Fronius International GmbH, Solar-Log GmbH, SolarEdge Technologies, Ltd."
EPP Solar,Hamburg,Wholesaler,8,,"Panel, Inverter, Storage Systems","Danckwerthweg 25, 22119, Hamburg",+49 40 334670890,contact@epp.solar,http://epp.solar,Germany,"Germany, India","German, English"
ErEne Green Technologies,Nordrhein-Westfalen,Distributor,50,,"Panel, Inverter, Storage Systems","Industriestr. 9, 40822, Mettmann",+49 2104 175770,info@erene.de,http://www.erene.de,Germany,"Austria, Belgium, Brazil, Switzerland, Chile, Czech Republic, Germany, Finland, France, United Kingdom, Greece, Croatia, Italy, Netherlands, United States, Ukraine, Turkey, Poland","German, English, Spanish, Russian, Ukrainian",Panel,"REC Solar Pte. Ltd., Solarwatt GmbH, Aleo Solar GmbH, Solar Fabrik GmbH, Shenzhen Topray Solar Co., Ltd., Yingli Green Energy Holding Co., Ltd., Jiangxi LDK Solar High-Tech Co., Ltd, EGing Photovoltaic Technology Co., Ltd., Kyocera Corporation, Suntech Power Co., Ltd., Trina Solar Limited, CSUN Solar Tech Co., Ltd, Solar Frontier K.K., Canadian Solar Inc., Sharp Corporation, S-Energy Co., Ltd., Sunrise Energy Co., Ltd., ReneSola  Co., Ltd., NexPower Technology Corporation, Eurener Group, Avancis GmbH, Znshine PV-tech Co., Ltd., Jinko Solar Holding Co., Ltd., (Amerisolar) Worldwide Energy and Manufacturing USA Co., Ltd, Luxor Solar GmbH, BYD Company Limited, LG Electronics, Inc., Peimar S.r.l., BO POWER",Inverter,"SolarMax GmbH, SMA Solar Technology AG, Steca Elektronik GmbH, Fronius International GmbH, KACO New Energy GmbH, Delta Energy Systems (Germany) GmbH, Kostal Solar Electric GmbH, REFU Elektronik GmbH, SolarEdge Technologies, Ltd., Shenzhen Growatt New Energy Technology Co., Ltd., INVT Solar Technology (Shenzhen) Co., Ltd., Huawei Technologies Co., Ltd., Envertech Corporation Ltd., Huayu New Energy Technologies Co., Ltd.",Battery,"BYD Company Limited, LG Chem, SolaX Power Network Technology(Zhejiang) Co.,Ltd., RCT Power GmbH, Pylon Technologies Co., Ltd., SENEC GmbH"
ESTEC,Bayern,Wholesaler,7,,"Panel, Inverter, Storage Systems","Industriestraße 8, 97483 Eltmann",+49 9522 70890,info@estec-solar.de,http://www.estec-solar.de,Germany,Germany,German,Panel,Heckert Solar GmbH,Inverter,"SMA Solar Technology AG, Fronius International GmbH, Kostal Solar Electric GmbH",Battery,"Hoppecke Batterien GmbH & Co. KG, Fronius International GmbH, BYD Company Limited"
ETM,Nordrhein-Westfalen,Wholesaler,7,,"Panel, Inverter, Mounting System, Monitoring System","Königstrasse 1a, 37696 Bredenborn",+49 5276 8433,etmuenster@web.de,http://etmuenster.de,Germany,Germany,German,Panel,REC Solar Pte. Ltd.,Inverter,"SolarMax GmbH, SMA Solar Technology AG, Fronius International GmbH, Kostal Solar Electric GmbH",Mounting System,Solare Energiesysteme Nord Vertriebsgesellschaft mbH,Monitoring System,Solar-Log GmbH
EWS,Schleswig-Holstein,Distributor,19,,"Panel, Inverter, Storage Systems, Mounting System, Monitoring System","Am Bahnhof 20, 24983, Handewitt",+49 4608 6781,info@pv.de,https://www.pv.de,Germany,"Germany, Norway, Sweden","Danish, German, English, Swedish",Panel,"REC Solar Pte. Ltd., Trina Solar Limited, Jinko Solar Holding Co., Ltd., LONGi Solar Technology Co., Ltd., Luxor Solar GmbH, LG Electronics, Inc.",Inverter,"SMA Solar Technology AG, Fronius International GmbH, Delta Energy Systems (Germany) GmbH, Kostal Solar Electric GmbH, SolarEdge Technologies, Ltd.",Battery,"Fronius International GmbH, BYD Company Limited, LG Chem, RCT Power GmbH",Mounting System,"ALTEC Metalltechnik GmbH, K2 Systems GmbH, Alumero Systematic Solutions GmbH",Monitoring System,Solar-Log GmbH
Experts4Energy,Bayern,,,,,"Papiermühlenweg 4, 87448, Waltenhofen",+49 831 52733458,info@experts4energy.com,http://experts4energy.com,Germany,Germany,German,On/Off Grid,On/Off Grid
Faktor,Bayern,Wholesaler,6,,"Panel, Inverter, Charge Controller","Spinnereiinsel 3D, 83059 Kolbermoor",+49 8031 2080023,faktor@faktor.shop,http://www.faktor.de,Germany,Germany,German,Panel,"Canadian Solar Inc., Einnova Solarline Energy Corp. Limited",Inverter,Xantrex Technology Inc,Charge Controller,"Victron Energy B.V., Beijing Epsolar Technology Co., Ltd., Shenzhen Sunergy Tech Co., Ltd"
FEGA & Schmitt,Bayern,Wholesaler,22,,"Panel, Inverter, Storage Systems, Tracker, Mounting System, Monitoring System","Rettistraße 5, 91522 Ansbach",+49 981 89030,info@fega-schmitt.de,http://www.fega-schmitt.de,Germany,Germany,Würth Gruppe,Panel,"Heckert Solar GmbH, Trina Solar Limited, Astronergy Co., Ltd. (Chint Solar), BYD Company Limited, LG Electronics, Inc., WINAICO",Inverter,"SMA Solar Technology AG, Fronius International GmbH, KACO New Energy GmbH, Kostal Solar Electric GmbH, SolarEdge Technologies, Ltd., Huawei Technologies Co., Ltd.",Battery,"VARTA AG, Fronius International GmbH, BYD Company Limited, LG Chem",Tracker,Schletter Solar GmbH,Mounting System,"Schletter Solar GmbH, K2 Systems GmbH",Monitoring System,"Solar-Log GmbH, Weidmüller Interface GmbH & Co. KG, Phoenix Contact GmbH & Co. KG"
FraRon Electronic,Bayern,Wholesaler,4,,"Panel, Inverter, Storage Systems, Charge Controller","Industriestr. 2a, 63825 Schöllkrippen",+49 6024 6341560,kontakt@fraron.de,http://www.fraron.de,Germany,Germany,German,Panel,SunPower Corporation,Inverter,Victron Energy B.V.,Battery,Victron Energy B.V.,Charge Controller,Victron Energy B.V.
Galaxy Energy,Baden-Württemberg,Distributor,7,,"Inverter, Storage Systems, Monitoring System","Sonnenstrasse 2, 89180 Berghülen",+49 7344 924500,info@galaxy-energy.com,http://www.galaxy-energy.com,Germany,Germany,"German, English",Inverter,"SolarEdge Technologies, Ltd.",Battery,"VARTA AG, BYD Company Limited, LG Chem, ads-tec Holding GmbH, Tesla, Inc.",Monitoring System,"SolarEdge Technologies, Ltd."
Galileo Solar,Baden-Württemberg,Wholesaler,2,,"Inverter, Monitoring System","Im Mittleren Ösch 10, 78532 Tuttlingen",+49 7462 9463070,info@galileosolar.de,http://www.galileosolar.de,Germany,"Germany, India",German,Inverter,KACO New Energy GmbH,Monitoring System,KACO New Energy GmbH
Galler Elektrotechnik,Bayern,,,,,"Hofmarkstr. 3, 85290 Geisenfeld",+49 8452 731148,info@galler-elektrotechnik.de,http://www.galler-elektrotechnik.de,Germany,None,None,None,None
Genzwürker Elektrotechnik,Baden-Württemberg,Wholesaler,8,,"Panel, Inverter","Im Seelach 17, 74706 Osterburken-Schlierstadt",+49 6292 92100,info@genzwuerker.com,http://www.genzwuerker.com,Germany,Germany,German,Panel,"Hanwha Q CELLS, Suntech Power Co., Ltd., Canadian Solar Inc., AXITEC Energy GmbH & Co. KG, Emmvee Photovoltaic Power Pvt Ltd, Luxor Solar GmbH, Daqo Group Co., Ltd.",Inverter,SMA Solar Technology AG
Granzow,Baden-Württemberg,Wholesaler,24,,"Panel, Inverter, Storage Systems, Mounting System, Monitoring System","Hertichstraße 27, 71229 Leonberg",+49 7152 180,info@genzwuerker.com,http://www.granzow.de,Germany,Germany,"German, English",Panel,"Heckert Solar GmbH, Aleo Solar GmbH, Panasonic Corporation (Sanyo), Astronergy Co., Ltd. (Chint Solar), Jinko Solar Holding Co., Ltd., LG Electronics, Inc., Hengdian Group DMEGC Magnetics Co., Ltd., Suzhou Talesun Solar Technologies Co., Ltd., CS Wismar GmbH Sonnenstromfabrik, AEG / Solar Solutions GmbH",Inverter,"SMA Solar Technology AG, Steca Elektronik GmbH, Fronius International GmbH, KACO New Energy GmbH, Kostal Solar Electric GmbH, SolarEdge Technologies, Ltd., FIMER S.p.A.",Battery,"VARTA AG, Fronius International GmbH",Mounting System,"Schletter Solar GmbH, K2 Systems GmbH",Monitoring System,"SMA Solar Technology AG, Fronius International GmbH, Solar-Log GmbH"
GSH,Hamburg,Wholesaler,2,,Panel,"Zellerstraße 8, 22145 Hamburg",+49 40 53693292,info@gsh-nord.de,http://www.gsh-nord.de,Germany,Germany,1998,Panel,"Solarwatt GmbH, Sharp Corporation"
Häring Solar,Bayern,Distributor,12,,"Panel, Inverter, Storage Systems, Charge Controller, Monitoring System","Elias-Holl-Straße 22, 86836 Obermeitingen",+49 82 3279241,info@solarhaering.de,http://www.solarhaering.de,Germany,Germany,German,Panel,"LG Electronics, Inc.",Inverter,"Xantrex Technology Inc, Steca Elektronik GmbH, RIPE­nergy AG, KACO New Energy GmbH, Danfoss A/S, Kostal Solar Electric GmbH, SolarEdge Technologies, Ltd., Q3 Energie GmbH & Co. KG",Battery,E3/DC,Charge Controller,Steca Elektronik GmbH,Monitoring System,Solar-Log GmbH
HF Solar,Niedersachsen,Wholesaler,3,,"Inverter, Monitoring System","Boschstraße 37, 49733, Haren/Ems",+49 5932 7399000,info@hankofergmbh.com,http://www.hankofergruppe.de,Germany,Germany,German,Inverter,Delta Energy Systems (Germany) GmbH,Monitoring System,"Solar-Log GmbH, Plexlog GmbH"
hm-pv,Bayern,Distributor,12,,"Panel, Inverter, Storage Systems, Mounting System, Monitoring System","Schmitzdorfer Str. 2a, 93482 Pemfling-Grafenkirchen",+49 9975 904330,info@hm-pv.de,http://hm-pv.de,Germany,Germany,German,Panel,"Solarwatt GmbH, IBC Solar AG, SunPower Corporation, BYD Company Limited",Inverter,"SMA Solar Technology AG, Fronius International GmbH, Sungrow Power Supply Co., Ltd., SolarEdge Technologies, Ltd., Huawei Technologies Co., Ltd.",Battery,Sonnen GmbH,Mounting System,K2 Systems GmbH,Monitoring System,Solar-Log GmbH
Ibeko Solar,Bayern,Wholesaler,10,,"Panel, Inverter, Storage Systems","Haßlerstraße 3, 83059 Kolbermoor",+49 8031 2213044,kolbermoor@ibeko-solar.de,http://ibeko-solar.de,Germany,"Bulgaria, Switzerland, Germany, Spain, Hungary, Italy, Slovakia, Portugal",German,Panel,"Viessmann Climate Solutions SE, AU Optronics Corporation, AxSun Solar GmbH & Co. KG, LG Electronics, Inc., WINAICO",Inverter,"SMA Solar Technology AG, Fronius International GmbH, Kostal Solar Electric GmbH, SolarEdge Technologies, Ltd.",Battery,Sonnen GmbH
Inoval,Baden-Württemberg,Wholesaler,6,,"Panel, Inverter","Im Steingarten 10, 74722, Buchen",+49 6281 5579881,info@inoval.de,http://www.inoval.de,Germany,Germany,German,Panel,"REC Solar Pte. Ltd., Heckert Solar GmbH, Solar Frontier K.K.",Inverter,"SMA Solar Technology AG, KACO New Energy GmbH, ABB Asea Brown Boveri Ltd"
Intra Photovoltaics,Nordrhein-Westfalen,Wholesaler,10,,"Panel, Inverter, Mounting System, Monitoring System","Ottostraße 29, 44867 Bochum",+49 2327 602900,info@intra-pv.de,http://www.intra-pv.com,Germany,Germany,INTRA Group,Panel,"EGing Photovoltaic Technology Co., Ltd., Canadian Solar Inc., Sharp Corporation, Panasonic Corporation (Sanyo), First Solar, Inc.",Inverter,"SMA Solar Technology AG, Kostal Solar Electric GmbH",Mounting System,"Schletter Solar GmbH, Hilti AG",Monitoring System,SMA Solar Technology AG
Inutec Solarcenter International,Niedersachsen,Distributor,28,,"Panel, Inverter, Storage Systems, Mounting System, Charge Controller","Im Gewerbegebiet 17, 38315, Schladen",+49 5335 8089 960,info@inutec-int.com,http://inutec-int.com,Germany,"Germany
                                                                
                                                                Global","German, English",Panel,"Heckert Solar GmbH, Hanwha Q CELLS, Victron Energy B.V., BYD Company Limited",Inverter,"OutBack Power, SMA Solar Technology AG, Phocos AG, Fronius International GmbH, Victron Energy B.V., KACO New Energy GmbH, Enphase Energy, Inc., Kostal Solar Electric GmbH, SolarEdge Technologies, Ltd., Shenzhen Growatt New Energy Technology Co., Ltd., Imeon Energy, SolaX Power Network Technology(Zhejiang) Co.,Ltd.",Battery,"Hoppecke Batterien GmbH & Co. KG, OutBack Power, Victron Energy B.V., AXITEC Energy GmbH & Co. KG, BYD Company Limited, SolaX Power Network Technology(Zhejiang) Co.,Ltd., Pylon Technologies Co., Ltd.",Mounting System,K2 Systems GmbH,Charge Controller,"Morningstar Corporation, OutBack Power, Phocos AG, Victron Energy B.V.",On/Off Grid,On/Off Grid
Kerst Energy,Nordrhein-Westfalen,Wholesaler,20,,"Panel, Inverter, Storage Systems","Lise-Meitner-Straße 4, 46446 Emmerich am Rhein",+49 2822 976990,anfrage@kerst-energy.de,https://www.kerst-energy.eu,Germany,Germany,"German, English, Dutch",Panel,"REC Solar Pte. Ltd., Meyer Burger Technology AG, Heckert Solar GmbH, Aleo Solar GmbH, JA Solar Holdings Co., Ltd., Trina Solar Limited, Hyundai Energy Solutions Co., Ltd., LG Electronics, Inc., Eco Delta Power Co., Ltd."
KL-Solar,Brandenburg,Distributor,2,,Storage Systems,"Mötzower Landstr. 36, 14776, Brandenburg",+49 3381 668811,info@kl-solar.de,http://www.kl-solar.de,Germany,Germany,German,Battery,"Fronius International GmbH, SENEC GmbH"
Knerr Solartechnik,Baden-Württemberg,Wholesaler,36,,"Panel, Inverter, Storage Systems, Tracker, Mounting System, Charge Controller, Converter, Monitoring System","Schwetzinger Straße 142, 68165, Mannheim",+49 621 4004775,info@sonnendom.de,http://www.sonnendom.de,Germany,"Germany
                                                                
                                                                Global",German,Panel,"Heckert Solar GmbH, Hanwha Q CELLS, SunWare Solartechnik Produktions GmbH und Co. KG, Solar Fabrik GmbH, Victron Energy B.V., Yingli Green Energy Holding Co., Ltd., Kyocera Corporation, Suntech Power Co., Ltd., CSUN Solar Tech Co., Ltd, Jetion Solar (China) Co., Ltd., Kyosemi Corporation, Panasonic Corporation (Sanyo), LG Electronics, Inc., AEG / Solar Solutions GmbH"
Krannich Solar,Baden-Württemberg,Distributor,20,,"Panel, Inverter, Storage Systems, Tracker, Mounting System, Monitoring System","Heimsheimer Straße 65/1, 71263, Weil der Stadt",+49 7033 30420,info@de.krannich-solar.com,https://de.krannich-solar.com,Germany,"Austria, Belgium, Brazil, Switzerland, Czech Republic, Germany, Spain, France, Greece, India, Italy, Japan, South Africa, Mexico, Netherlands, United States, Turkey, Singapore, Sweden, Poland
                                                                
                                                                APAC, Europe","German, English",Panel,"Yingli Green Energy Holding Co., Ltd., Suntech Power Co., Ltd., Sharp Corporation, AXITEC Energy GmbH & Co. KG, Luxor Solar GmbH",Inverter,"SolarMax GmbH, Xantrex Technology Inc, SMA Solar Technology AG, KACO New Energy GmbH, Delta Energy Systems (Germany) GmbH, FIMER S.p.A.",Battery,"Pylon Technologies Co., Ltd.",Tracker,DEGER Energie GmbH & Co. KG,Mounting System,"Renusol Europe GmbH, K2 Systems GmbH",Monitoring System,"SMA Solar Technology AG, Fronius International GmbH, Solar-Log GmbH, SolarEdge Technologies, Ltd., SOLEDOS GmbH"
KSG,Baden-Württemberg,Distributor,6,"10000,00 €","Panel, Inverter, Storage Systems, Mounting System, Converter, PV Kit","Friedrichstr. 29, 69221 Dossenheim",+49 6221 4050970,office@klingsolartechnik.de,https://www.klingsolartechnik.de,Germany,"10000,00","German, English",Panel,"Canadian Solar Inc., München Energieprodukte GmbH",Inverter,Hoymiles Power Electronics Inc.,Battery,EnerSys Inc.,Mounting System,RegTec GmbH,Converter,SMA Solar Technology AG,PV Kit,On/Off Grid,On/Off Grid,['SOWHERE ERROR!!!']
KW Projekt,Bayern,Distributor,6,,"Panel, Inverter, Storage Systems","Effnerstr. 119, 81925, München",+49 8999 165641,office@klingsolartechnik.de,http://www.kw-ph.de,Germany,Germany,German,Panel,"Solarwatt GmbH, Hanwha Q CELLS, FuturaSun srl",Inverter,"Shenzhen SOFARSOLAR Co., Ltd., Zucchetti Centro Sistemi S.p.a.",Battery,SENEC GmbH
LANERGY,Nordrhein-Westfalen,Distributor,3,,Panel,"Steinstr. 2, 40212, Düsseldorf",86 18761617164,james@lanergy-solar.com,http://www.lanergy-solar.com,Germany,"China
                                                                
                                                                Europe","German, English, Chinese"
Lange Solar,Bayern,Wholesaler,21,,"Panel, Inverter, Storage Systems, Mounting System","Freystädter Strasse 16, 92334 Berching, Erasbach",+49 8462 942784,info@lange-datentechnik.de,http://www.lange-solar-technik.de,Germany,Germany,German,Panel,"REC Solar Pte. Ltd., SOLON S.p.A, Jiangxi LDK Solar High-Tech Co., Ltd, EGing Photovoltaic Technology Co., Ltd., Kyocera Corporation, Suntech Power Co., Ltd., Trina Solar Limited, Mitsubishi Electric US, Inc., Sharp Corporation, Panasonic Corporation (Sanyo), Eoplly New Energy Technology Co., Ltd., Astronergy Co., Ltd. (Chint Solar), Hyundai Energy Solutions Co., Ltd., GermanSolar USA Inc., LG Electronics, Inc.",Inverter,"SMA Solar Technology AG, Fronius International GmbH, Kostal Solar Electric GmbH",Battery,SENEC GmbH,Mounting System,"Montavent AG, Würth Canada Limited"
LEAB Automotive,Schleswig-Holstein,Wholesaler,3,,"Inverter, Storage Systems","Thorshammer 6, 24866 Busdorf",+49 4621 978600,info@leab.eu,http://www.leab.eu,Germany,Germany,German,Inverter,Clayton Power ApS,Battery,"Exide Technologies SAS, Clayton Power ApS"
Ledlight Solutions,Nordrhein-Westfalen,Distributor,3,500 €,"Panel, Storage Systems","Schifffahrter Damm 28, 48145 Münster",+49 251 39573025,info@ledlight-solutions.de,http://www.ledlight-solutions.de,Germany,500,"German, English",Panel,"Canadian Solar Inc., (Amerisolar) Worldwide Energy and Manufacturing USA Co., Ltd",Battery,SENEC GmbH
Liboao,Berlin,Distributor,4,,"Panel, Inverter","Bismarckstr. 3,10625, Berlin",+49 30 79743536,mail@liboao.com,http://www.liboao.com,Germany,Global,German,Panel,"EGing Photovoltaic Technology Co., Ltd., Jinko Solar Holding Co., Ltd.",Inverter,"Sungrow Power Supply Co., Ltd., Beijing Kinglong New Energy Technology Co., Ltd."
M+R Multitronik,Schleswig-Holstein,Distributor,1,,Inverter,"Stawedder 29, 25462 Rellingen",+49 4101 8040402,info@multitronik.com,http://www.mrmultitronik.de,Germany,Germany,"German, English",Inverter,"Mean Well Enterprises Co., Ltd."
Main-Energiekreis,Bayern,Wholesaler,11,,"Panel, Inverter, Storage Systems, Mounting System","Jahnstraße 12, 63820 Elsenfeld",+49 1746756190,h.bothe@main-energiekreis.de,https://www.main-energiekreis.de,Germany,20220214,"German, English",Panel,"EGing Photovoltaic Technology Co., Ltd., LONGi Solar Technology Co., Ltd., SolarEdge Technologies, Ltd., Sunpro Power GmbH",Inverter,"Sungrow Power Supply Co., Ltd., SolarEdge Technologies, Ltd., E3/DC, Hoymiles Power Electronics Inc.",Battery,"Sungrow Power Supply Co., Ltd., E3/DC",Mounting System,K2 Systems GmbH,On/Off Grid,On/Off Grid
Maxx solar,Thüringen,Wholesaler,12,,"Panel, Inverter, Storage Systems","Eisenacher Landstr. 26, 99880, Waltershausen",+49 3622 40103210,info@maxx-solar.de,http://maxx-solar.de/,Germany,Germany,German,Panel,"Hanwha Q CELLS, IBC Solar AG, SunPower Corporation, AU Optronics Corporation, LG Electronics, Inc.",Inverter,"SMA Solar Technology AG, Fronius International GmbH, SolarEdge Technologies, Ltd.",Battery,"Fronius International GmbH, LG Chem, Sonnen GmbH, Tesla, Inc."
Memodo,Bayern,Wholesaler,35,,"Panel, Inverter, Storage Systems, Mounting System, Monitoring System","Linprunstraße 16, 80335, München",+49 89 904101500,info@memodo.de,https://www.memodo.de,Germany,Germany,"Czech, German, English, Italian, Polish",Panel,"Solar Fabrik GmbH, SunPower Corporation, Trina Solar Limited, Jinko Solar Holding Co., Ltd., LONGi Solar Technology Co., Ltd., SolarEdge Technologies, Ltd., LG Electronics, Inc."
Modulteq,Brandenburg,Wholesaler,3,,"Panel, Inverter","Mühlenstraße 1, 16356, Werneuchen",+49 3094 631429,info@modulteq.com,http://www.modulteq.com,Germany,Germany,German,Panel,"Sunrise Energy Co., Ltd.",Inverter,"Schneider Electric SA, Huawei Technologies Co., Ltd."
Moelle,Niedersachsen,Distributor,16,,"Panel, Inverter, Storage Systems, Mounting System","Enschedestraße 28, 48529 Nordhorn",+49 5921 80800,moelle@moelle-egh.de,https://www.elektrogrosshandel-moelle.de,Germany,Germany,"German, English",Panel,"Hanwha Q CELLS, JA Solar Holdings Co., Ltd., Suntech Power Co., Ltd., LG Electronics, Inc.",Inverter,"Fronius International GmbH, Siemens AG, Enphase Energy, Inc., Kostal Solar Electric GmbH, SolarEdge Technologies, Ltd., Eaton Corporation, FIMER S.p.A., Schneider Electric SA",Battery,BYD Company Limited,Mounting System,"Renusol Europe GmbH, Schletter Solar GmbH, K2 Systems GmbH",On/Off Grid,On/Off Grid
ÖKO-Energie,Hessen,Wholesaler,45,,"Panel, Inverter, Storage Systems, Charge Controller","Fasanenweg 7, 63694 Limeshain-Himbach",+49 6048 950992,kontakt@oeko-energie.de,http://www.oeko-energie.de,Germany,Germany,German,Panel,"REC Solar Pte. Ltd., Atersa Grupo, Solarwatt GmbH, Sunset Energietechnik GmbH, SOLON S.p.A, SunWare Solartechnik Produktions GmbH und Co. KG, Aleo Solar GmbH, Solar Fabrik GmbH, IBC Solar AG, SunPower Corporation, Kyocera Corporation, Suntech Power Co., Ltd., Kaneka Corporation, Mitsubishi Electric US, Inc., Sharp Corporation, Panasonic Corporation (Sanyo), First Solar, Inc., S-Energy Co., Ltd., AXITEC Energy GmbH & Co. KG, Hyundai Energy Solutions Co., Ltd., AU Optronics Corporation, LG Electronics, Inc., Photowatt",Inverter,"SMA Solar Technology AG, Steca Elektronik GmbH, Studer Innotec SA, Victron Energy B.V., Fabrimex AG",Battery,"Rolls (Surrette) Battery Engineering, East Penn Manufacturing Company, Inc., Exide Technologies SAS, Hoppecke Batterien GmbH & Co. KG, VARTA AG, Victron Energy B.V., BYD Company Limited, Haze Battery Co., Ltd.",Charge Controller,"SunWare Solartechnik Produktions GmbH und Co. KG, Morningstar Corporation, MSTE Solar GmbH, OutBack Power, Steca Elektronik GmbH, Phocos AG, Studer Innotec SA, Victron Energy B.V."
OnTour Solar,Hessen,Distributor,17,,"Panel, Inverter, Storage Systems, Mounting System, Monitoring System","Im Lucken 6, 64673 Zwingenberg",+49 6251 9854380,info@ontour-solar.de,http://www.ontour-solar.com,Germany,Germany,German,Panel,"Heckert Solar GmbH, Solarday, Bauer Solar GmbH",Inverter,"SMA Solar Technology AG, Fronius International GmbH, Enphase Energy, Inc., SolarEdge Technologies, Ltd., Huawei Technologies Co., Ltd.",Battery,"VARTA AG, Alpha ESS Co., Ltd.",Mounting System,"K2 Systems GmbH, ClickCon GmbH & Co. KG, Lorenz-Montagesysteme GmbH, Regenerative Energie-und Montagesysteme GmbH, B&K Solare Zukunft GmbH, T.Werk GmbH",Monitoring System,Plexlog GmbH
OnTour Solar UG,Hessen,,1,,Panel,"Fischergasse 9, 64560 Riedstadt",+49 6158 9177550,info@ontoursolar.de,https://www.ontoursolar.de,Germany,"German, English, Spanish","German, English, Spanish",Panel,Bauer Solar GmbH
Osnatech,Niedersachsen,Distributor,1,,Panel,"Gewerbepark 9-11, 49143 Bissendorf",+49 5402 9650760,info@osna-tech.de,http://www.osna-tech.de,Germany,Germany,German,Panel,"Sunman (zhenjiang) Co., Ltd."
Phaesun,Bayern,Wholesaler,22,,"Panel, Inverter, Storage Systems, Charge Controller, Converter","Brühlweg 9, 87700 Memmingen",+49 8331 990420,info@phaesun.com,http://www.phaesun.com,Germany,Germany,"German, English, French",Panel,"SunWare Solartechnik Produktions GmbH und Co. KG, ET Solar New Energy Co., Ltd., Ascent Solar Technologies Inc."
Photon Solar,Schleswig-Holstein,Distributor,8,,"Panel, Inverter, Storage Systems, PV Kit","Humboldtstraße 25A, 21509 Glinde",+49 40 33489000,info@photon-solar.shop,https://photon-solar.shop,Germany,Global,Solar Energie Handel GmbH,Panel,"JA Solar Holdings Co., Ltd., Hyundai Energy Solutions Co., Ltd., ASWS GmbH",Inverter,"Huawei Technologies Co., Ltd., Envertech Corporation Ltd.",Battery,"Fronius International GmbH, BYD Company Limited, RCT Power GmbH",PV Kit,On/Off Grid,On/Off Grid,['SOWHERE ERROR!!!']
Photovoltaik4all,Sachsen-Anhalt,Wholesaler,37,,"Panel, Inverter, Storage Systems, Mounting System, Charge Controller, Converter, Monitoring System","Berliner Chaussee 11, 39307 Genthin",+49 3933 9099 850,info@photovoltaik4all.de,https://www.photovoltaik4all.de,Germany,"Austria, Germany",SEC SolarEnergyConsult Energiesysteme GmbH,Panel,"REC Solar Pte. Ltd., Heckert Solar GmbH, Solarwatt GmbH, Hanwha Q CELLS, Aleo Solar GmbH, IBC Solar AG, Suntech Power Co., Ltd., Trina Solar Limited, Astronergy Co., Ltd. (Chint Solar), AXITEC Energy GmbH & Co. KG, Viessmann Climate Solutions SE, Jinko Solar Holding Co., Ltd., Luxor Solar GmbH, AU Optronics Corporation, LG Electronics, Inc.",Inverter,"SMA Solar Technology AG, Steca Elektronik GmbH, Fronius International GmbH, KACO New Energy GmbH, Sungrow Power Supply Co., Ltd., Delta Energy Systems (Germany) GmbH, Kostal Solar Electric GmbH, SolarEdge Technologies, Ltd.",Battery,"BYD Company Limited, LG Chem",Mounting System,"Schletter Solar GmbH, K2 Systems GmbH",Charge Controller,"SunWare Solartechnik Produktions GmbH und Co. KG, Steca Elektronik GmbH, Studer Innotec SA, Victron Energy B.V.",Converter,"Steca Elektronik GmbH, Studer Innotec SA, Victron Energy B.V.",Monitoring System,"SMA Solar Technology AG, Victron Energy B.V., Solar-Log GmbH",On/Off Grid,On/Off Grid
Planet PV,Baden-Württemberg,Wholesaler,2,,"Panel, Inverter","Kniebisstraße 1, 77704 Oberkirch",+49 7805 9185990,info@planet-pv.de,http://www.planet-pv.de,Germany,"Germany, Italy",German,Panel,Heckert Solar GmbH,Inverter,"Huawei Technologies Co., Ltd."
preVent,Hessen,Wholesaler,7,,"Inverter, Storage Systems, Charge Controller","Taunusstrasse 24a, 63694 Limeshain, Himbach",+49 6048 960010,info@prevent-germany.com,http://prevent-germany.com,Germany,Global,German,Inverter,"OutBack Power, Mastervolt International BV, Victron Energy B.V."
Prime Solar Solutions,Nordrhein-Westfalen,Wholesaler,46,,"Panel, Inverter, Storage Systems, Mounting System, Charge Controller","Ekenhoff 20, 49545 Tecklenburg",+49 5482 2969840,info@primesolar.eu,http://www.primesolar.eu,Germany,Germany,"German, English",Panel,"Meyer Burger Technology AG, Heckert Solar GmbH, Hanwha Q CELLS, JA Solar Holdings Co., Ltd., Suntech Power Co., Ltd., Ningbo Ulica Solar Co., Ltd., Sunrise Energy Co., Ltd., Znshine PV-tech Co., Ltd., LONGi Solar Technology Co., Ltd., Phono Solar Technology Co., Ltd., AxSun Solar GmbH & Co. KG, Bauer Solar GmbH, LG Electronics, Inc., WINAICO, Solara GmbH, EET-Efficient Energy Systems",Inverter,"SolarMax GmbH, SMA Solar Technology AG, Phocos AG, KACO New Energy GmbH, Kostal Solar Electric GmbH, Shenzhen Growatt New Energy Technology Co., Ltd., FIMER S.p.A., GoodWe Power Supply Technology Co., Ltd., Altenergy Power System Inc., AEconversion GmbH & Co. KG, Imeon Energy, Shenzhen SOFARSOLAR Co., Ltd., SolaX Power Network Technology(Zhejiang) Co.,Ltd., Huawei Technologies Co., Ltd., Envertech Corporation Ltd., FSP Group, FSP Technology Inc., RCT Power GmbH",Battery,"Victron Energy B.V., Trina Solar Limited, BYD Company Limited, LG Chem, SolaX Power Network Technology(Zhejiang) Co.,Ltd., SIGA Batteries GmbH",Mounting System,EET-Efficient Energy Systems,Charge Controller,"Morningstar Corporation, Victron Energy B.V., Solara GmbH, Foxpower Technology Co., Ltd."
PSPS,Nordrhein-Westfalen,Wholesaler,3,,"Inverter, Storage Systems, Mounting System","In der Elb 12, 40229 Düsseldorf",+49 171 3653205,info@public-sunpower-systems.de,http://www.public-sunpower-systems.de,Germany,Germany,German,Inverter,"SolarEdge Technologies, Ltd.",Battery,LG Chem,Mounting System,Schletter Solar GmbH
PV Solartechnik,Hessen,Wholesaler,2,,"Inverter, Mounting System","Butzbacherstrasse 52, 60389 Frankfurt am Main",Click to show company phone,info@public-sunpower-systems.de,http://www.pv-solartechnik.de,Germany,Germany,German,Inverter,SMA Solar Technology AG,Mounting System,Wagner Solar GmbH
PV-Korten,Nordrhein-Westfalen,Wholesaler,10,,"Panel, Inverter, Mounting System","Industriestraße 11, 48739 Legden",+49 2566 9331630,info@pv-korten.de,http://www.pv-korten.de,Germany,Germany,German,Panel,"Heckert Solar GmbH, Trina Solar Limited, Canadian Solar Inc., LG Electronics, Inc., WINAICO",Inverter,"SMA Solar Technology AG, Fronius International GmbH, SolarEdge Technologies, Ltd.",Mounting System,"ALTEC Metalltechnik GmbH, Schletter Solar GmbH"
PV² Energie,Nordrhein-Westfalen,Wholesaler,7,,"Panel, Inverter","Kirchstraße 93, 47574, Goch",+49 2823 4190680,info@pv2energie.de,http://pv2energie.de/,Germany,"Germany, Philippines","German, English",Panel,"Yingli Green Energy Holding Co., Ltd., Trina Solar Limited, First Solar, Inc., Jinko Solar Holding Co., Ltd.",Inverter,"SMA Solar Technology AG, KACO New Energy GmbH, FIMER S.p.A."
PVS,Nordrhein-Westfalen,Wholesaler,5,,"Panel, Inverter, Storage Systems","Karl-Arnold-Str. 1, 47877, Willich",+49 2154 5029131,sales@pvselected.com,http://www.pvselected.com,Germany,Germany,"German, English"
REB Green Energy,Sachsen-Anhalt,Distributor,28,,"Panel, Inverter, Storage Systems, Mounting System","Dorfstraße 9, OT Mühlstedt, 06862 Dessau-Rosslau",+49 34901 53719,reb-greenenergy@t-online.de,http://reb-greenenergy.de,Germany,Germany,German,Panel,"Heckert Solar GmbH, Solarwatt GmbH, Hanwha Q CELLS, Aleo Solar GmbH, IBC Solar AG, SunPower Corporation, Yingli Green Energy Holding Co., Ltd., Suntech Power Co., Ltd., Trina Solar Limited, AXITEC Energy GmbH & Co. KG, United Renewable Energy Co., Ltd., Jinko Solar Holding Co., Ltd., Luxor Solar GmbH",Inverter,"SMA Solar Technology AG, Fronius International GmbH, Kostal Solar Electric GmbH",Battery,"Solarwatt GmbH, IBC Solar AG, Hoppecke Batterien GmbH & Co. KG, MOLL Batterien GmbH, Fronius International GmbH, BYD Company Limited",Mounting System,"IBC Solar AG, Blue Energy Systems GmbH, Renusol Europe GmbH, Schletter Solar GmbH, K2 Systems GmbH"
Redpoint New Energy,Niedersachsen,Distributor,13,,"Panel, Inverter, Storage Systems, Mounting System","Auf dem Sattel 6, 49757 Werlte",+49 59 518949100,info@redpoint-newenergy.de,http://www.redpoint-newenergy.de,Germany,Germany,NW Technology GmbH,Panel,"Solar Fabrik GmbH, Bauer Solar GmbH",Inverter,"SMA Solar Technology AG, Fronius International GmbH, Kostal Solar Electric GmbH, SolarEdge Technologies, Ltd., Huawei Technologies Co., Ltd.",Battery,"BYD Company Limited, LG Chem, Alpha ESS Co., Ltd., RCT Power GmbH",Mounting System,"K2 Systems GmbH, Mounting Systems GmbH"
RenewEnergy,Bayern,Wholesaler,5,,"Panel, Inverter","Helene-Mayer-Ring 14, 80809 München",+49 89 51079981,info@renewenergy.one,http://renewenergy.one,Germany,"Switzerland, Germany",German,Panel,"Hanwha Q CELLS, Kyocera Corporation, Sharp Corporation",Inverter,"SolarMax GmbH, SMA Solar Technology AG",On/Off Grid,On/Off Grid
Rennergy Systems,Bayern,Wholesaler,10,,"Panel, Inverter, Storage Systems","Einöde 50, 87474 Buchenberg",+49 8378 92360,info@rennergy.de,http://www.rennergy.de,Germany,Germany,German,Panel,"Heckert Solar GmbH, WINAICO"
Retesol,Brandenburg,Wholesaler,14,,"Panel, Inverter, Storage Systems, Monitoring System","Am Golfplatz 2, 14979 Großbeeren",+49 33701 37860,info@retesol.com,http://retesol.com,Germany,Germany,German,Panel,"REC Solar Pte. Ltd., Solar Fabrik GmbH, Canadian Solar Inc., Sharp Corporation"
RoofTech,Baden-Württemberg,Distributor,,,PV Kit,"Merklinger Straße 30, 71263 Weil der Stadt",+49 7033 3034990,info@rooftech.de,http://www.rooftech.de,Germany,Europe,"German, English",PV Kit,['SOWHERE ERROR!!!']
Schindlbeck Solar,Bayern,Wholesaler,5,,"Panel, Inverter, Storage Systems","Dieselstraße 19, 84056 Rottenburg a. d. Laaber",+49 8781 2008713,info@schindlbeck-solar.de,http://www.schindlbeck-solar.de,Germany,Germany,German,Panel,"Heckert Solar GmbH, WINAICO",Inverter,"KACO New Energy GmbH, Kostal Solar Electric GmbH",Battery,SENEC GmbH
Schmitt & Zerreissen,Baden-Württemberg,Wholesaler,24,,"Panel, Inverter, Storage Systems, Mounting System, Monitoring System","Langenhansen 9, 74744 Ahorn, Buch",+49 9340 4279977,info@schmitt-zerreissen.de,http://schmitt-zerreissen.de,Germany,Europe,"German, English",Panel,"Solar Fabrik GmbH, JA Solar Holdings Co., Ltd., Suntech Power Co., Ltd., Trina Solar Limited, Jinko Solar Holding Co., Ltd., LONGi Solar Technology Co., Ltd., LG Electronics, Inc., Eco Delta Power Co., Ltd.",Inverter,"SMA Solar Technology AG, Fronius International GmbH, KACO New Energy GmbH, Sungrow Power Supply Co., Ltd., Kostal Solar Electric GmbH, REFU Elektronik GmbH, SolarEdge Technologies, Ltd., GoodWe Power Supply Technology Co., Ltd., Huawei Technologies Co., Ltd.",Battery,"BYD Company Limited, LG Chem, Huawei Technologies Co., Ltd., RCT Power GmbH",Mounting System,S:FLEX GmbH,Monitoring System,"Meteocontrol GmbH, Solar-Log GmbH"
